PIDN,Ca,P,pH,SOC,Sand
09gt9UK5,-0.49657260542795856,-0.10602602387905383,-0.8302762478970984,-0.5595780661729804,1.3210173843209259
0BVvxJ6a,0.29293868664230016,0.222428587830587,0.6638617880823804,0.18221659175774454,-1.3879178002782686
0KbdgApg,0.05655079266262204,-0.28749640201017757,0.05942409218599386,0.0712816717443637,-0.5382466885274675
0MnuuduB,-0.2607486087590788,-0.251870317515697,-0.07932910732264697,0.8526745321346191,-0.9203898357605093
0PcIsF9z,-0.439375169102622,-0.05709112888477476,-1.4821818096256538,0.08350849880542406,0.08861286374776267
0ShTFLYJ,-0.42408427028199336,-0.40547273358717617,-0.24169265008427743,-0.7829130037729386,0.5147286018495159
0XZh9jka,-0.12199043813751712,0.5846222002963442,-0.9934815852415759,1.0951524404198345,-0.761717087617648
0Y7Wegri,-0.2637177388795255,0.6369715933951372,0.4227237333972262,-0.1819242972418839,0.05796125290456133
0dTqplIM,0.02953589680510571,-0.011075347027415763,0.5273952725314235,0.3483557863433716,-0.9218392050904543
0lNiZicC,-0.3862612818456457,-0.25731637583231026,-1.093857876607768,-0.7741624978525579,-0.20144976193295672
0rGeJ0QN,-0.4018993395667656,0.2866905469299341,-0.5169364133965713,0.04931269756331133,0.20139243458619194
0sXI9ytQ,-0.5622628814504036,-0.16831690499975663,0.15783870232128083,-0.7606921176876205,1.437903731057526
0ukt4aP6,0.35261253914410756,-0.011400111397972174,1.447574482634098,-0.7604780508400605,0.08688575109317576
1AGspb8f,-0.33801757267381904,-0.38246253092172805,-0.7073374880777492,0.02494372146743487,-1.0907779171528527
1Csy0gvE,-0.457432703344491,-0.09251794191958837,-0.02109424727775569,-0.5714089828218645,0.626298841630541
1Ic2hly1,-0.32394923216761773,0.33150432690720644,-0.3220298717174357,-0.15272481087082324,0.5538095175920483
1PPbaTwt,-0.3751835364334892,0.05639781465920847,-0.4795393973516118,-0.407340193371169,0.8197330323048854
1SO5VJNy,-0.3426652888097741,-0.01500973322812263,-0.06613987402044234,-0.4910098504239573,0.6107167194064477
1arHxK3Y,0.5533438978553226,0.16400114867391127,1.6759600427049968,0.4249849547793011,-0.30683991085315543
1fCW4Bba,-0.3536128192130727,0.3987412455591405,0.03559780386292913,-0.33807404775641237,0.7297622958706829
1qDZNvIm,-0.45139289258449045,-0.23288393558924217,-0.21483054392428033,-0.7984793192599939,0.8990660599856641
28LYJC2V,-0.3581182788484203,-0.2691431714778447,-0.9014959110421961,0.45953883314171395,-0.6944975431828619
2CzACvQq,0.3686161667946081,1.4436490726960425,1.8781209670950623,0.2571420430491117,-0.43053115421102256
2FT3crfv,-0.1691810200000174,-0.14257818380153459,0.2250756100207747,0.17971147326841097,-0.6993489854976987
2Fy2uHVg,-0.5045253736657352,-0.17446025270572363,-0.5623477593636141,-0.36172721806685815,-0.4032384333493387
2MkMEApm,-0.41308909301318364,0.12337093274096932,0.1118971408536741,-0.5662269378034335,1.185742391917576
2NDGWEOe,0.6541962624634723,0.7713187604500892,1.565145111966233,-0.5524477847105779,-0.6539254709901294
2NyyCiqn,-0.3304635589428032,-0.07954455889638967,-0.06310016168935124,-0.48041770233603664,0.6193372355431173
2QRzIb84,0.04455142748640366,0.762990443760203,1.9362058738280559,-0.4985390923925229,0.35716921452410794
2QcbdrUZ,-0.4226635315251539,-0.09189286153062637,0.2355095132956103,-0.4163955197059267,0.5343308462555796
2YgAimWK,-0.3554040933209859,0.19874294158998246,0.3235452045432349,-0.5276499757088562,0.958032413267937
2cx85d9H,0.10116832447760174,-0.3057092016237622,-0.07197337436255768,0.16513152637311626,-0.7686491647592175
2homMXMV,-0.37836149668743174,0.053610539116370835,-1.2929071512751404,0.016674267897027875,0.47670941518056675
2ldLrUtq,-0.3382186656588237,-0.16732428178625552,0.04404382844248288,-0.3692642410264427,-0.3456522454695127
2nsACW6G,-0.24043052960020536,-0.08034600390972813,-1.1806257229082562,1.675942178356283,-0.9558858309951885
2yMbVnWc,-0.20976960100107517,0.5305554629043274,-1.1002441827722176,1.9465630726534662,0.2598446535012729
36r8sgGQ,-0.3544329728755726,-0.22772685112654273,-0.1732957969431686,-0.6374826119480401,0.692529027296167
3NXAXCl3,-0.5089252300263878,-0.37199100804080804,-1.2885822100221964,0.48315581631063165,-0.9506081453786065
3QG0z6fl,-0.3995823722951619,-0.1260938023520718,-0.8424335969216059,-0.5704785265255259,0.838833158445776
3WS8R9qm,-0.43605414342688176,0.1485995294724876,-1.059603664644327,2.5047194973151807,-0.9496097962981331
3fRLm8f5,-0.3290367956565403,-0.171234554990236,-0.8329952468536646,0.05970821872185626,0.267616026637642
3mZhp1nQ,-0.4684453079656652,-0.1175667406823458,-0.10799792381277006,-0.5486638954535116,0.7424232689189149
3pikJXRL,-0.4764783998132404,-0.4790309220067145,-1.3123588848867977,0.556009292458743,-0.8821006859960323
3pxOEGHL,-0.3716560641672994,-0.18250790876275197,-0.4050138147949944,-0.6227947562374156,0.6767437631587148
3ttdV3f5,-0.1900967330205472,1.1793999790126934,0.3009943908343585,0.33115400690173846,-0.7730130568688942
3v4X6Mfe,0.8274884407699161,-0.2171991520370623,1.3064390222027285,-0.47894987399419103,0.08646429373831771
3wORuPiv,-0.4420141660015804,-0.13961786200362625,-0.34309322948881615,-0.22189136567725473,-0.6203719498609517
43EfrxZj,-0.027310782799072165,-0.12943193930902003,-0.12869620710503415,0.37648416755449754,-0.4700378826929868
457Vwm21,0.12058087134959664,0.12474828773890513,0.29051605502690087,0.43334420927443307,-0.6141772334531732
46KNnOdx,-0.4384851199085946,-0.11121148094018962,-1.0026433183893997,0.10102424111066609,-0.07252660791328897
47TwNsVC,-0.38069343477627016,-0.2642425222272945,-1.139866126565056,1.5556350294617234,-1.005201400962339
49856RpO,-0.37932195773946664,-0.3486439843371162,-1.121764649168294,-0.27797178315931614,-0.7083496052026641
4Ane1o2N,-0.3877251276053575,-0.25595659846586316,0.043078865068608765,-0.4582317403831587,0.1915164272650211
4AyVUgSc,-0.400291249038095,-0.21131332839286046,-0.3041686321523076,-0.6879829581784168,0.27346280091743314
4B1951On,-0.11018173099676136,0.03654905055956201,0.1228722152151962,-0.11925327671960498,0.6156393679275679
4OL39Teo,-0.008550176300080538,0.1413486606536694,0.04529911689503602,0.3345505750532067,-0.29808649819276545
4eQ90eLY,-0.080848322440642,0.18635411578088812,0.02705419374101632,0.4383007204292423,-0.2754380398792545
4o5jwMj8,-0.2176744590619034,-0.1937176398107899,-0.438203441230373,-0.6180724143530477,0.19909803450620706
4vPgpl2c,-0.3851605179510571,-0.2524777454626729,-0.3343964116081305,-0.7326664495625343,0.348177795077697
51r9aA0d,-0.4054233485035144,-0.2588470648589481,0.23500744559478703,-0.7068760215082213,0.3340623769618638
58SmeRoP,-0.2938700202414326,0.11659939752900386,-0.11518010263935194,0.08882535484788665,-0.4646329237487862
5HJp1AXn,-0.3813097418794989,-0.026832400909071595,-0.8165884971916569,0.3752253172304041,-0.18904802294117395
5MBZW7fx,0.0227662584133239,-0.1530419648445615,0.9226972298533276,-0.5056717039690477,-0.20907791293982403
5Nq3gHaP,0.1479532593273112,0.42215274116604495,0.19876300941355296,0.7376216827897917,-0.31640464474324914
5RmwFFK3,0.33435211470891374,0.21128359409540082,-0.05644014750155174,0.13881247153619128,-1.3261532844305521
5Tu5Jbov,-0.4437949170153503,-0.14494657820137627,-0.44152277724240696,-0.18091917033725238,-0.37077784087886567
5YEolkev,-0.3085071883975229,-0.3354260939801774,-0.009169080035787008,-0.34270985757649897,-0.42926060692296764
5a8sf6QV,0.007315596581779745,-0.22166236982958407,0.29052817280046317,-0.00866306229373684,-0.6347766853562862
5eSvmqYm,-0.3983657843206869,-0.04259195570619037,0.08192368660100172,-0.29180687951195183,-0.5438824849953551
5hkN8fiv,-0.30931703000802924,-0.19200348795238192,-1.3113962524177698,0.8176419387234196,-0.6555740153742746
5oK8Gti5,-0.4888741935445611,-0.022632942629746383,-0.45578559584633005,-0.4990394736182509,1.3764259317432908
5paniGaU,-0.4725523652182593,-0.13853824441712792,-0.6102924097302158,-0.7834198672623525,0.9565369223054185
5vsr7ZUP,0.4245136094018932,-0.1588889171155432,0.5512288893570036,-0.25485827366429314,-0.897668702882003
60B4xMWI,-0.33044679063971016,0.6834943457883782,0.7856583233874657,-0.6775168098844007,0.5796787305437076
64jOUtKy,0.24425312676178895,0.3299681821110359,0.023780338114001015,1.5483632162466305,-1.1750046527596816
6AJo4xNG,-0.3971533713119846,0.13779492873485025,-0.4272455170729961,0.05375097383679517,0.3865422376776726
6CAvhEte,-0.3507911604048465,-0.025100278504742696,-0.585767029473008,-0.3199243497981594,0.7238870819430963
6CuGYjT5,2.350548093671795,0.24106926494311232,2.129361995196492,0.7547425723640163,-0.9447842375906819
6DGH8ujZ,-0.3631252311857596,-0.15441457547862836,-1.33222649768235,0.29883362569911687,-0.4648066131101387
6PzsGdVm,-0.3556389356939889,-0.03153550249046156,-0.9656382759688856,0.4279431229528064,-0.43714280136586364
6UcSJMbq,-0.29358271954657067,0.31357245729718924,1.1229192148238305,-0.7474617691576415,0.3641782785827139
6WJbkH8U,1.057632887519249,-0.08971230946895907,1.5981851302737176,-0.07633030005250832,-1.0206606289147295
6eUWsVzw,0.35096640537183194,-0.08483233953310843,0.7635912251655835,-0.09792575110144822,-1.213016344296413
6gNyO7Do,0.16863434836055402,-0.16304941336325784,-0.09149059594438111,0.371182148455698,-0.6138444394865316
6jT0AyHe,-0.003860633778871459,-0.21459693709663072,0.5112350805812672,0.21110591138426707,-0.9619005130703777
6nBgCvWu,-0.4124742745260093,0.09651322908102661,-0.08973088843379644,-0.4857330762702156,0.7870213963340572
6ro5mqg6,-0.41820012273186613,-0.10204548400342683,-0.18661557336157913,-0.40865212540120055,0.24819722887841203
6sGqObX4,-0.49137332846634335,-0.3786113892350798,-0.6498711829993371,-0.23036363727730177,-0.8266276829785125
6uEGy0n4,1.7385569237081935,0.7523732099518585,2.080109145424381,-0.44583247720779223,-0.8524493018089754
7BZ4LxP8,-0.05413058176645419,-0.3448498178032685,0.07105510718329328,-0.12222443220642978,-0.597671933732171
7CmigXKi,-0.3477121715933103,0.043342741250359404,-0.8830114100746237,-0.35341081713092426,0.7347805909131981
7Ga0LpfR,0.3435494995953779,1.2257605601764552,-0.43322433517765235,1.6486956588062784,-0.9159179789027674
7PQsFvsG,-0.34562038674382844,-0.08874562030860711,-1.601801412856964,1.1209867127704953,-0.5730758800871234
7aF7nnwn,-0.4980624916262828,-0.150172560294976,-0.46958743224369026,-0.8326109441710876,0.9871444469292411
7asGzfX9,-0.2365962296252948,-0.20556440671597526,-0.2586524393030476,-0.26206116593777196,-0.07255627235437614
7cg7C92o,-0.21622769828382865,0.2281811246400292,0.17296998976541544,0.5688481956968432,0.13489860494221007
7eOxTpsB,-0.4142768744205034,0.02851711975493583,0.06007369737004677,-0.6088955578738681,0.8780836072201228
7ey0v7ma,-0.49559458564026226,-0.3054829422293378,-1.1112788487569856,0.27993030186130263,-1.095882925776086
7gocyrYl,-0.2958512502232762,-0.09040167920735946,-0.44529298336322365,0.5306057638499996,-0.33862983868003504
7gqR3GoA,-0.4044252789870266,-0.0533757486217602,-0.39782786429595607,-0.4096529952309105,-0.23382880478919513
7og7aUXB,-0.21970030882063854,-0.1144668643112847,0.4648913029521682,-0.026294598407537388,-0.3450665658637482
7onRfa8F,-0.2503498541694371,-0.09643784535397959,0.8889377280522842,-0.45154089942289466,1.0633003802858239
7umkNuxM,-0.22406650962286476,-0.17787463341114856,-0.2729913635310949,0.32432477855054354,-0.5308317316239919
7vPr9ExD,0.038739339754803676,-0.24504738337379417,0.13216324209400204,0.024256898298444927,-0.636215376605221
7zNjpCzu,-0.42288094018541844,-0.06981824250250775,-0.2085340120320259,-0.13427342205346376,-0.7201549642268359
7ztsQNj3,-0.4672686584971463,-0.18220071601590082,-0.19475795617818548,-0.14562118899948934,-0.5794543831537422
86gppwMI,-0.42110503652444864,0.06435972954603544,-0.9318337318626249,-0.4978082745548176,0.9292769140297391
88thAGdL,-0.29538647213991587,-0.18392858839107537,-0.31328425496875767,-0.3012968638055581,0.09300748471009204
8GhU8STP,0.7115837589615419,0.2549534985279578,1.7671884608305823,0.4063285065682789,-0.6526733610184616
8NlzDcWe,-0.41648573323557103,-0.18180352104743633,-0.651342333063911,-0.7343263578015149,0.36660088800653134
8QAejdLW,-0.018712358730146365,-0.1961063761122367,0.03286533561577003,0.08341365127905633,-0.6511232669246912
8RDeFxWM,-0.34830352723541635,-0.2695851033062916,-0.14975696609304187,-0.7337314653994969,0.8631378693841655
8UXP2NBS,-0.440040653020201,-0.2446305606672809,-0.6708613236871706,-0.3997177207687514,0.19436519767729102
8ZoV3KGT,-0.18466726669414038,-0.36021341752653024,0.1193795633407535,-0.5357741045243761,-0.2900524754513101
8ajs2uG8,-0.3870228964716485,-0.3339066136631762,-0.9161178069441656,-0.16591806973861375,-0.7707927381477645
8bXnz62p,-0.2405129264678275,0.3430334247459626,0.13990433115664605,0.2782014344027582,0.7586322916988368
8nO1O1LG,1.3750989621115757,1.1090505317884018,1.8949179063801547,1.6372802274356628,-0.7962588889936395
8xE1p8g8,-0.38163078260687855,-0.031246491690416687,-0.4754429639716394,-0.24280090474208965,-0.24057397038449538
8yMDVMRM,-0.3749511226386979,-0.29954587288516354,-1.267093382280163,-0.3337049454486575,-0.42876931541767216
98R5VaPi,0.2304902136042561,0.4927754901379635,1.966789244823282,-0.6542411463054119,0.8238501139858649
9DcTz2Ua,2.3197255298553983,-0.11118085676894046,2.0633681193784152,0.5634311103946057,-0.7526306429569668
9G7nfUrK,-0.3760523395785411,-0.11504925099236599,-0.2473149992016539,-0.5210162628637758,0.6711697764384852
9O6GZ1HT,-0.18650405046930435,0.4674874325981294,1.3089710984253202,-0.755629104012307,-0.2744769912054579
9S7fCoAM,-0.40757913284069236,0.045068144191365345,0.26001685231297744,-0.25712085188165107,0.5626653432677908
9iQwmFJR,-0.2598035044339544,-0.16098530910963885,-0.22433386480052905,-0.3144129131242381,0.5067851626068369
A3Mt6SAQ,0.8235735222415301,0.39392651527124783,1.8341466757453981,-0.7330477771728143,0.1820512081323794
AJIsQIcV,-0.31601483660052654,-0.07825326435028945,-0.20714087565432243,-0.3270903241922667,0.7525428234240782
AMHKXMh8,1.5110226703408878,0.9988319355237826,2.080249477784129,0.0065560645285765995,-0.8505659757086279
ASwA2J4E,-0.30307796881748894,-0.01583360881911211,0.0339613725580528,-0.4749170232124076,0.6133070037128228
AaFvEoHq,-0.31608302000642974,-0.05772161390029987,-0.1921937872126896,-0.7277687368841542,0.6851398179403709
AiIPD6hX,-0.17441476188227262,-0.10738832337423407,-0.280258128112033,0.3791643907634519,-0.27644172626965147
AsIURvJS,-0.2505985537282898,-0.1924554953809906,-0.11608937661000902,1.1058046009627356,-0.9161498159072046
AsvgbJ0C,-0.242786575830586,-0.017167464601946084,-0.8432139353086281,0.6060803866218042,-0.0041091148784423714
AxEhbkCM,-0.38146578630012706,-0.28162376413484747,-0.7439082825912973,-0.4568819958929732,-0.6113955084107903
B7VPkIpx,-0.32801073413067605,0.07906183203503434,0.6113572399315375,-0.7401502090272908,0.7464068215578467
BBwHqHiH,0.09061642235426905,-0.3334501301473798,0.24932058002771368,-0.2086305985059834,-0.556223011850898
BMyps8hr,-0.1746361372297352,-0.3731894132400895,-0.25927475705929465,-0.09440949157176966,-0.760601975245736
BUHS4dQw,-0.02190901807022637,0.4864922122788045,-0.1004274884661418,2.6118421235852365,-0.9338741001776858
BZB3EYWQ,-0.3546306302540214,-0.008981804100376863,0.002596946699288283,-0.4977810873673603,0.7045096296040372
C5UPCZcL,2.9035906306496235,0.15416984558327396,1.8679552272662039,1.1064465270762307,-0.7493835847302951
C5gIfQbJ,-0.3633935090683994,-0.021518063138513316,-1.2955724325298383,1.1501673627925775,-0.9437186803562585
CDRuu4Pn,-0.5231533930115052,-0.23097086993141194,0.0535097516739886,-0.7493017117033809,1.1638663044912012
CQhTYkqE,0.5285317564072646,0.7835650731377112,0.5016562535336468,0.262772455833228,-1.4759174085720264
CSEobMXv,-0.4267908612926861,0.6846977250251207,-1.0515091595655812,0.5831162696405341,-0.8639112473192978
CYMQE4x0,-0.03275527094481023,0.2579725409593334,1.2003478230730833,-0.23427154789173624,0.5042644595156871
ChQdtl4J,-0.39876764340324267,0.08536509258510738,0.0024962270201654736,-0.4206776959638147,0.29041946428707077
ChnD1nrN,-0.34418918714612934,-0.18244289906783553,-0.6348653516185332,-0.8071733239672279,-0.23370795905843678
CvtbbIcq,0.5439525319591607,0.004476032539357702,1.4478592439075288,-0.17031469199791133,1.3106936422563331e-05
Cxk06b77,-0.12409407516373361,0.029578768983240633,0.22333937284547073,-0.10221570808162361,0.12052830582912186
D3QD3ZEJ,-0.2613215422740652,-0.08667183999355216,-0.18109999835286877,0.14416989858625973,-0.10077555067665589
D8J5C6lA,0.5127153076674376,0.18885077317366725,1.428184941437343,0.11692051034331381,-0.6669841289519403
DCeQwYfT,-0.27658275063899257,-0.1811396360254315,-0.23886187697140915,-0.05626467146892587,-0.8740556401100541
DDEftkx3,-0.4458243410067605,-0.0862824820677759,-0.6167118360305301,-0.6889022306317341,0.9743379034513004
DEwCfeDW,-0.3631893810234771,0.00145953639403279,-0.21773285108102272,-0.051081156275418,0.523610947589189
DMkIV4oL,-0.394192651185891,-0.2870165032991419,-0.5624896979540099,-0.6017340802080461,0.46614200914500237
DnzGfbxS,-0.06892174240468009,-0.3324269266224534,0.022897302009528706,0.3995286720955604,-0.8466054262951626
DoZxo6f6,-0.32888680740070675,-0.3042969545166134,-0.12389456573288242,-0.7617605366835174,0.3941838623709636
DvhBPGIk,-0.37243664833839396,-0.3382748181222722,-0.5800827167740314,-0.22344560160844557,-0.3819443012296597
Dx7GoUcT,-0.4690152593955911,0.048046986002556136,-0.1321187845270423,-0.5902304865244066,0.7835176533757348
E5hIjohO,0.509787528535667,-0.1443772763447207,0.15980205635120356,0.8852347742132618,-1.0273337852105482
E6x4XGHt,-0.40360649134318716,0.0229795187697711,-0.16483819073317157,-0.40836133432673927,1.156518715502683
EDEpAzh1,-0.3655850127944177,-0.18628909383419706,-0.4474506953031964,-0.3004073376353411,-0.5300851900498141
ETGudkQt,-0.3394052412808659,-0.021000540371762258,0.22251682557316077,-0.5530291764122295,0.5768448445837734
EUleKrLJ,1.6624744534122669,-0.11156515177631866,2.0009379097720528,0.7139081547979516,-0.36002179213878516
Ehw2Jz6s,-0.29886923932946335,-0.25099680285233006,-0.6282292730376455,-0.32947476243106777,-0.3717892698954294
EjqzC4zH,-0.37055293350906726,-0.0939483760228767,0.3572582272654026,-0.8034272831943269,0.763155444590623
EkMZO3Qj,-0.43464514087702666,-0.026292084035601196,-0.0965663457074599,-0.5125529275276506,0.8061799064017884
EnoNXWvU,-0.30031165632321155,0.3811920147608141,1.3093262322987003,-0.8040691632354668,0.12180088521683717
Epv8ANwr,-0.273973304242254,-0.15814417706342215,-0.3757070864245959,0.44864362249815315,-0.3824307287468236
Etro9j0B,-0.150799683993154,0.6442461358588091,0.3598978567519117,0.22042764446218666,-0.3439685531503775
F3MIZj76,-0.35852484119900285,-0.2887132875147865,-0.6806434789482212,-0.1860495993346427,-0.6898725705956388
FB8tU00K,-0.3592839939666879,-0.2343760312416848,-0.9910595351394293,0.3586788449207279,-0.48744023877135373
FLhxBGMK,1.2732351554702634,0.19240631072333178,0.8409132309561687,0.005397909958858346,-0.7119872088649144
FRreR8ka,-0.31094796602573194,0.5527306896025957,-0.136446250006602,-0.2541147333558966,0.27090409214883354
FXne4oAV,0.3174772577704982,0.09583437765329691,0.5438498549595293,-0.2259762126084261,-0.6953754013490803
FaW764jk,-0.284399756698135,0.009668565576332916,0.22973088868822056,-0.2707340565374571,0.18086463502894742
FeAbMXly,-0.3963787923571889,-0.24379226377591423,-0.8601736649810993,-0.6473484244200307,0.6462710253596782
FeudaFXn,1.8023869956648242,0.864336863527203,2.1843896893141674,-0.4049294325739237,-1.1882705749590736
FldUmFeM,0.8805762407108233,0.15031465309101066,1.9451830579860303,-0.767008964042148,0.21721270991310465
Fnv5tfAm,-0.4087115769276134,-0.25503616203293483,-0.2928091095306208,-0.029529795931809204,-0.6913010866242489
FvrAd3Or,-0.2970463026513958,0.27318925267601263,1.0877934372547027,-0.5515704944747576,0.458752882899548
G48zHffi,-0.011321049788259555,0.5304215797243897,1.6455738083761728,-0.5947757144845656,0.4803630255023531
G76zCv5N,-0.41016543567631625,-0.27971434426081443,-0.13690086337770346,-0.4153456306633768,0.101399340650042
G7JGUdNf,0.059274637037980846,-0.2595877800266537,0.2417131522513447,-0.07848667130456613,-0.6765096976600135
GCo6MONx,0.9165647949315165,0.0658775876446645,1.5750613907209625,0.47398119952799006,-0.8069088771357776
GE0vbpVQ,-0.2154359261783888,-0.04678242811625946,0.25722408133196195,-0.3699033682632609,0.7332323962089216
GN0DfOqt,-0.4059053276107853,-0.180068604542503,0.06027750775407953,-0.5491137913814189,0.5765943366779442
GNsTAb1v,-0.37609527278667587,-0.2407118406928806,-0.1710991720661873,-0.19149020936710498,-1.1185023406129448
GPwmO21z,-0.31210440883088664,-0.2945893406245983,-0.5898826588954533,0.1305843350365518,-0.6036803445674775
GQYpfLoh,0.3130632857209619,0.355210369314791,-0.0718482934238423,0.4763080607488701,-1.1215812944889394
GR9knT8n,-0.3676570406415681,-0.11900109101298323,-1.4960286704161587,0.969812262499699,-0.5813872108211324
GXtFFbZy,-0.1732305967288882,0.26823545547275374,0.15032169437315987,-0.042922285931486254,0.0035358994095108787
GYvzvvFD,-0.4600530967648533,-0.32423237534743626,-0.9698719731208091,-0.45722873047844687,0.19658512060361127
GemPjTJ9,-0.4398493873196071,-0.23496932901310363,-1.0277060440147094,0.10288042644898954,-0.5591692866814879
GkLYRm1K,1.8169360682395883,0.8222404501554135,2.275841804673324,-0.5380216147666841,-1.1826093459214355
GmlqP8eI,-0.3201782469869465,-0.2547014529455687,-1.0372502237934569,-0.3791729788587611,-0.0646601593526493
GqkIrOvf,-0.3256274532477681,-0.1372738241412862,-0.7005897108628354,0.5240562592993656,-0.8429835545957226
H0fsegPi,-0.46633468402078737,-0.01071349501169927,0.06732815047496693,-0.5066278542951684,0.3330982348605013
H4dHpJjU,1.725145452697101,0.11766185335089663,1.7940581304703183,0.8186548288738151,-0.6395575452397839
H5QwJCuU,1.55378772743096,1.3755056730876722,2.094731506601705,0.12880653308824644,-0.5677824986186729
H5uwmSZ0,-0.4303047759718526,-0.10560282052769147,-0.5029746338834147,-0.5562854767170198,0.7022767166766577
H8MtbVoL,-0.05932698263839932,-0.27988701319646453,-0.09999183255415603,-0.40726745169129264,-0.3309532780445669
H9JrUYnp,-0.30590380421165253,0.6222394940685164,-0.05288248587408438,-0.08769253806184835,0.32552962557714415
HHYmmHVk,-0.5720635024767013,-0.2126574623183581,-0.04109804624037164,-0.8411204077226816,1.383702486479701
HJ5U4uqL,-0.50748884747748,-0.28768805517153984,-1.343790171563294,-0.4012012236348554,-0.2296758182874605
HNQxYc4w,-0.2638889246709437,-0.32876653436272485,-0.5852918244085669,-0.5489124264160941,-0.25511851886007497
HQYhKHZ8,-0.3781933015377047,-0.10685355500755048,-0.7809268138330702,-0.34362803664655744,-0.13423901934375462
HSCMx0MC,-0.39048329568257056,-0.22739350596018315,-0.16949773688844466,-0.757737503461363,0.7942769247587307
HXYuE0fx,2.0319847134086446,0.20578345859892022,1.8997859507488806,0.35060718142261466,-0.8188445132036002
HdKcxEWr,0.06527614162567076,0.4258100015740963,0.30972364167536554,0.3547342328426105,0.08373754810560213
HecW1iCC,-0.46510380182109234,-0.043997179191151176,-0.3688409571076221,-0.5214544406060801,-0.7838605778900533
HpbKB8rv,-0.5189319072225573,-0.4498962476967203,-1.5356235016333493,1.3907104283365626,-0.762289572128094
HrkoYjCg,-0.1436749837972585,0.4541644483666067,-0.17314278437320385,0.818703411959806,-0.9547358676808088
I5P2uquT,-0.18182405154885578,-0.15098709014862327,-0.07225101747735696,-0.2628485683735442,0.486815236541092
I94qkDM7,-0.44074862919874336,-0.1616090784005364,-1.205721423708621,-0.6001468384069223,0.40404740152212604
I9sQbtt8,-0.35513924196072133,-0.07836628170274644,-1.2887226166167025,1.9390919596674776,-0.6910389630573912
IFxgw6ZX,-0.38281569725028286,-0.29043331007980533,-0.42582916340351973,-0.32385132391784915,-0.2243546051122507
IPPPSyoU,-0.42964038476212196,-0.33958993164615725,-0.9660128100846751,-0.17291667731508886,-0.8447696152022754
IQOYQubU,1.431766274965797,0.25088816719083584,1.7135643433161083,0.17327947912753355,-0.6525717722399786
IYNE2SxU,-0.43472000548733525,-0.21347253212968978,-0.5377349615890852,-0.19395601856856265,-0.7787081707046408
IZRFk9kN,-0.23133213932181562,0.018032735863565894,0.005036050110709234,-0.30988533143671454,-0.024723858716950736
Iaq3v0t3,0.8560809307717225,0.6824485651651729,1.828747320918259,-0.6958187848434646,0.0808668849086125
IbVwu1t6,-0.3996947507871973,-0.27083409465779484,-1.3370596637734744,-0.07668945816284378,-0.38320280443106675
IcHKTLyo,0.03543533233437898,-0.05194208421794287,0.06232426222603789,0.1681627739731399,-0.6883196113105611
IpW80wVB,-0.3061418953978927,-0.12355520502973366,-0.7248986074235678,-0.15701683861860868,-0.22778520595916024
Itb0PYUV,1.6275879081249205,0.21432344255371266,2.004794162645995,1.0655650464862183,-0.7079502433848077
J8fpSwS0,-0.4453300371123878,-0.12119634843611024,0.1818622783275606,-0.7857975879612457,0.9305573384154174
JE1SlbD0,0.34650064566678174,0.5886519422549729,0.6111954148225047,1.8936069994728721,-1.230092347305995
JEB4McNb,0.9690535516220213,-0.03440844030296743,1.505266945998288,-0.0321022231160223,-1.101214340832716
JEE4QVeQ,-0.08140402699429468,0.02327175855285482,0.08884498665776491,-0.40457953252019363,-0.775619734352635
JJSEU2VQ,-0.43880424609615304,-0.09551233007823037,-0.3247588644000692,-0.5909337070173539,0.8080284932768738
JSsVriP2,-0.16993341523658045,0.2671740775120062,1.3415046282022824,-0.4979543079521765,0.0835978598443791
JUvQNiOK,-0.044984363208513074,-0.060267324286960515,0.24674228162345913,-0.28462543253452066,0.31388293683647295
JZbrRtm2,-0.14601057842917,0.2718406810553828,1.3296304719298029,-0.715888486768681,0.1393416517040084
JcE9G92B,-0.26361382321613275,0.10310039342850082,-0.18914650049903728,0.5929820500719638,-0.3304031870074472
JnNYpXHr,0.15896513111538257,1.0506387647714008,0.2706963905410972,1.468621450472073,-1.0804584638254622
JzpbnOtz,-0.4022234335794704,0.11658692564792346,-0.521915506821036,-0.632303513691787,0.7209801930294919
JzzUhPQp,1.785693502249313,1.500865052689649,2.239781377299152,-0.41491916999694195,-1.0955124647033223
K05R8dQK,-0.27796633237617596,-0.1703647431602635,-0.5499551575511944,0.42476798896337986,-0.9368394040024783
K17pG2mG,-0.22982614531646411,0.2737946177870703,0.6339586401111597,-0.6380065278671185,0.20006303812456142
K8BellUe,-0.03584840027240468,-0.4411522268544329,0.240456459514285,-0.2434046039102308,-1.37554697357443
KJ2eH6rr,-0.0721832642842393,-0.27351682876668276,0.4997200168594692,-0.22630672278905367,-1.294238436629638
KJEJ6Glk,0.34375877601610516,0.32047273850601554,0.5899424350352287,1.4124295779413722,-1.3197212869459034
KSbO0oXS,0.34371538938076224,1.4522551570514035,0.05304474299354445,2.092447098835814,-1.32890239233291
KXtvmd01,-0.4174049256429424,-0.2758883812895736,-0.015671018576348814,-0.512942413571081,0.40553239268304125
KYiJqBuJ,0.09167829125976512,-0.2701257606168618,0.5650481647317294,-0.44188210668201,-0.6656749180701174
KmbAyTcE,-0.22381567127940044,-0.07083132652773715,0.17671975520258562,-0.33693481196906067,-0.04534142786665274
KnNyl3rV,-0.24605096291248807,0.004490816228007514,0.8011425213810461,-0.48613115928694417,0.8068138569717
Kp2DG8TZ,-0.3876542149515392,-0.14955996514458336,0.39290873395195824,-0.6449846186310684,0.7808903111608768
KqQtKWs5,-0.4731202147954934,-0.13943158695016356,-0.5380655357142274,-0.576388684424435,0.5596111026047339
Ku27g63R,2.6527221687451474,0.9146061337989558,2.130266945519529,0.5188390149318732,-0.6164466446052803
L2aTVqDq,-0.3635654841847462,-0.13049512296490545,-1.333871657845308,0.7730258990019383,-0.7949597035267195
L5jvq6G4,-0.44576576416037095,-0.11601453161513131,-0.4910632371534861,-0.658546177318136,0.8349636317255986
L91hYVQl,-0.38731614594645114,-0.24305734443847776,-0.4514882463592916,-0.7539811657001916,0.23725150736910045
LINAMlbA,-0.39187332989914303,-0.04296122011883385,-0.9973521030847321,-0.0013103422225281963,0.3404032741881441
LJoUNXSx,-0.3543421575549831,-0.2341517101772087,-1.5451289239393435,0.20952567864132865,-0.5627500521374518
LLtSiyWD,-0.37553438317360976,-0.2957591267431145,-0.20598435873554385,-0.5082191793507443,-0.2377829486665337
LQJtV8kn,0.03619162044575402,-0.07298357595586269,0.5709512005735461,-0.3027350026605804,-0.8441615971406422
LW9uddw7,-0.45926393201249877,-0.18331084927979463,-1.089252230789671,0.8655412273249696,-1.0123232007675125
LZ6sdBTR,0.6294353093165312,1.4400691475961644,1.3975524668712702,0.37371748185598364,-0.6939138095762829
La2Vhnne,0.1924098864446529,0.3040944055793563,-0.20434399048562732,0.9904123429971367,-0.4947998721796558
LaUWSq9B,-0.040131717416305675,-0.3977469686095638,0.12914511067744994,0.3383455325131286,-0.9438272002373821
Lk4SfkPQ,-0.5095373395998506,0.03249908360243566,-0.4431877214389705,-0.11226249627163518,-0.8621110632325593
LllC836d,-0.3314506450611537,-0.024621409749757586,-0.6628912251730086,0.3864125415277066,-0.12346540923860255
LuGiGeWN,-0.413821641296124,-0.09661524501519518,-0.9930960469780434,-0.42358701976105717,0.49019623796506195
LzcyHcWa,-0.3767171163921345,-0.07976060844544164,-0.527547984950091,-0.5260522371586368,0.6879894263374872
M7veP0H4,-0.42642054156536735,-0.030741131012329503,-0.5163682593262714,-0.381438011593597,0.7667143481094196
MB8aaJUc,-0.3404483966182228,-0.18099139675843962,-1.547536090718473,0.6607164569691666,0.013823143536827606
MDpe2zuy,-0.547846041295773,-0.28153380371562214,-0.2682472719701337,-0.3693488335237882,-0.7863094152803948
MEzdmEIU,-0.3046592599297339,-0.14320369933395471,-0.2901007017415032,-0.445940695632918,-0.0759855556517743
MVnhtivm,-0.36067265366083434,-0.2547022295260262,-0.7571639995560461,-0.0813032649856724,-0.4436984956519494
MYU7WDis,-0.27851245832160554,0.26679845728428186,0.5222713857882446,-0.7859872674040633,0.7331111172051132
MZFqh6yw,1.0770187299382354,0.5391128803774362,2.245249305239998,-0.4991130661291486,0.39221969566604226
Mdgy4SsO,0.31458171200217017,0.7252744322901173,-0.17072190704949858,1.4581457736636207,-0.8528966532255715
Mj8awnzy,-0.44417531803359067,-0.20623411391463814,0.3848184467699413,-0.6293265747783929,1.0234988492558093
MpFPbUJy,1.9161262936276784,1.4168083604806072,1.8774222399231335,1.0807914987403193,-0.7271204237134459
Mqk7MFBM,-0.345561205566866,-0.009444802222542306,0.2836078651149174,-0.5808062804832984,0.8199506055090344
Mqs2t1Eo,-0.38813523299103225,-0.1856532622519917,-0.4475579730270123,-0.06522233408274193,-0.6082518873770466
Mv3jFVxp,-0.31402992061486235,-0.07561877631709452,-0.15838105782506212,-0.21509024270750665,-0.058687298478313145
MxODTXvA,1.1867663061483662,0.37388560815184824,0.7949512910562407,0.19011713731070945,-0.5770738040959812
N46PbpPM,-0.26704043105911657,-0.24374145161697175,0.24894833523949228,-0.6832839426433583,1.0343769786541825
N5S5F9Gk,-0.4571325220883194,-0.09152812900971634,-1.1510142750172054,-0.5100819571514732,0.6505211489407368
NLDg5fqw,0.27947996780834566,0.20633144299740297,0.5887257156403218,0.2357776664983144,0.26759466761329465
NOho2ZiM,1.4806448473682385,0.06437815008519568,1.9164105651097665,0.5215093487168865,-0.718082849619341
NUuY7PFU,1.5008325267267788,0.3415594666709669,1.9309591541727293,1.302721488543765,-0.9171962630595571
NV1e8AEO,-0.39326284561742875,-0.04020994312502585,0.12344611607368755,-0.5713885502231721,0.8116591225178007
NZLXROKC,0.11506381029350865,-0.1456720602844589,-0.20347120018272005,0.6282854984312989,-0.9836472523331203
NaJo7C6o,0.30377331951814046,0.1672137990021317,0.8976526919975435,0.048537935418923456,0.11865551574036393
NgsyGkrO,0.06876179278764719,-0.08414796332221901,0.6244328003694863,0.4669361239665051,-1.0335329909911275
NjOx4Zpo,-0.38070130838619126,-0.3334513888506303,-0.9465249722732851,0.7547993880584382,-1.3639441894509012
NmQoI7x0,1.7890586894877483,-0.03895357091800309,1.6058332139058078,-0.4419093672543325,-0.31166109021677735
No4wkdLS,-0.44014411660736596,-0.29656836148111365,-0.7780079443119858,-0.722859034292252,0.05453888637635029
NouMwhOf,-0.18819939062867427,-0.18408135323774905,0.3904754019547588,-0.10947265447182827,-0.5612765379611797
O6YAWd8C,0.06928079325950692,-0.3679516305125609,0.3173056039860435,-0.3096671056988324,-0.652497230161383
OAXVphSh,1.1100549750642426,0.13316949618240254,1.3421905760150854,-0.19396798484938046,0.2042568932143377
OJBBhb6Q,-0.5288873746268125,-0.23227838196468067,-0.4582344783905987,-0.8619966217010817,1.3042493798288985
OSIQXImL,0.536053949179039,-0.23939722494651952,0.4003004187679441,0.2248270835855973,-1.1122528953381026
OUUFc5Zz,-0.42530826952885137,-0.2419973758770953,-0.18638126570232397,-0.7348506767554603,0.8042658536616258
OVk1lquT,0.05212032403672073,0.47435697796785986,0.30338949573469265,1.5754833503782826,0.041967439138493656
OXdRxjzz,-0.30367942825445277,-0.1982652211276841,-1.0579660915410283,0.10364324185448448,-0.6594546944348179
OXxW2ekf,-0.4089996332805098,-0.19083963048813857,-0.769355189395415,-0.37743229412438,-0.415741068364459
OXz5OpqR,-0.1604955603311299,0.03489782046100669,0.48802791007757196,-0.45460455552450985,0.058825004587395535
OcBFW1AX,-0.40960638999802657,0.006051069930854788,-1.4332244909775687,-0.07895594440983708,0.4074800350684656
Of9V2rpt,-0.13804872578631688,-0.09254382407489554,0.10929044831480422,-0.013900715015200758,-0.55511618375824
OfLxPhbG,-0.13340472223965644,0.030950057075250982,0.006086405511094198,-0.04169755109602586,0.6829378242796391
Ojx2vi48,-0.42448354854370896,-0.21118978507574504,-0.7805575836897828,-0.6956330094679887,0.49640011663209754
P3M32iuT,-0.4447052111172119,-0.1521643441929695,-0.49167196073395497,-0.7117175686387565,0.4646716952870348
P7olVzrO,-0.4181287741011972,-0.20877224600860972,-0.2857440645866534,-0.5196138205031954,0.06955708051791695
PAPHErnv,-0.44023196714062374,-0.34526834304681786,-1.0765010430639554,0.10900857060165337,-0.6277695372899303
PBjEtfXb,-0.23601037327196675,0.08140873266460139,-0.15329707480926583,-0.4212655210281091,0.4670487989867004
PZGpoBBj,1.6223798909921565,0.5683728019197184,2.17544234237441,-0.4658668124189694,-0.8310241466693838
Pc2RrxXS,-0.3698569726607035,-0.2134440911472265,0.04098358139552269,-0.39755426101490454,-0.456058479238263
PcHQ4FOu,-0.4207707432114076,-0.1486483884799165,-0.3987811704181259,-0.10436394109248534,-0.4200238604269276
PeNyTOVN,-0.2850509616755623,0.07768642273182504,-0.09072067910034459,-0.23214305364239277,0.2743454690438549
PhUPSU53,-0.3846628113292928,-0.12614214502469062,-0.5385205501040492,-0.17457248298478026,-0.22223685809026242
PmUNeV2O,-0.48413630394667384,-0.2631010163874248,-0.9939620720479441,-0.8151269024035529,0.2598454249120971
PoDJ0uvK,1.2114302430241888,0.9338163289872642,1.9819671140540183,0.15203835911768426,-0.35431934219048705
PsUJdJdg,-0.1593328411154363,0.04453660080087389,-0.19338544821738493,0.39988135754279314,-0.14705204953075823
Q3xLFx1f,-0.3181232473417921,-0.17360640265986738,-0.8793371839341507,-0.038249077488016814,-0.59699579549504
QBGxCvdM,-0.08696376495616563,-0.2836898801921961,0.11092607616520073,-0.268559841362263,-0.6696991944517106
QCEPyu6L,-0.40984552882582104,-0.3861865583431999,-0.9611036960680446,0.06990393530470576,-0.8428789361670561
QEfwec4s,2.789391593558888,0.15487388272255584,1.966554892270937,1.8709359876612695,-0.5118220059351407
QZ87Nnr3,-0.48159816179936676,-0.2031027818085948,-0.5971161499971746,-0.557481741598146,0.7879066587606398
QlyGN9jv,-0.35568492874963603,0.034955056522106454,-0.4867107743624146,-0.22149083593760652,0.3825218085351001
QqgWE1ny,-0.35570151070514777,0.09991339704955862,-0.13017916052922143,0.18860894004335022,-0.5443160706977491
QrjjBpZd,-0.47172638275572776,0.2572017129038465,-1.3062509624027974,0.8958683089708516,-0.9527104199778111
QsaBiX7V,-0.3025355354025696,-0.10392630774258248,-0.047997431791032164,0.029464482162587444,-0.4650154528035031
QtBKJuZk,-0.2877031212127441,-0.1552764266482469,-0.2626719829410217,-0.25867595065840593,0.7161003333034632
QtPRO8OJ,-0.48610304236193025,-0.20862816381592122,-0.7593895280368693,-0.6542004099006635,0.4778486158060115
R8XcsFnp,-0.4981552921100034,-0.1327702701206886,-0.2604955855411413,-0.4388654935004758,1.1371335222960666
RROfRt9z,-0.14375079017031528,-0.13200394577418406,0.38069672622530487,0.3562423466048252,-0.9768364939494243
RTcbiDGq,-0.3886682805415219,-0.340081675907855,-0.20044145883999295,-0.3771921009454459,-0.13654976453001622
RVidM9g0,-0.22929914415784264,0.13509428110070704,1.5513147048153622,-0.656517512719282,0.5809029621502333
RZnQSH19,-0.4488318411761984,-0.05948292294180664,-0.0432153088880155,-0.6348846389631955,0.8541561099479569
Rc4UK7fT,-0.4832055615860956,-0.1599848469876862,-0.8776800682050209,-0.3922031838086845,0.3216346358019221
RcKBKh6B,-0.3821756564243949,0.1228497997290857,-0.41029427775211824,-0.3662227935806881,0.6241693339633727
ReM5kDa5,0.0450910000427315,-0.18448120922758243,-0.07112768448569205,-0.012313108546835472,-0.7374611902513922
RfntsotG,-0.47022394899658393,-0.1732869578838554,-0.09403389758678571,-0.690955974630669,0.5973119244022189
RiXMlzXD,-0.3261443809837833,-0.305301973892117,0.0007352156566371865,-0.5387040824947557,-0.3938828672066604
Rik83O3m,-0.45848855726752885,-0.0956327411338307,-0.3096095394018168,-0.2548441828915931,-0.16663255263441878
S3PCzDzO,-0.15057926508359956,-0.06779004792835096,0.799060228070976,-0.6288385760417643,0.2310392825430656
S77BviOJ,-0.42119676704361064,-0.17999301674952717,-0.3176831932266149,-0.03137887548788914,-0.3125390481614644
SDdvtktF,-0.2969793865091145,-0.31993786159636595,-0.8788611484791328,-0.09380594714916923,-0.7639304235421516
SHs1AyfM,-0.342273833035049,0.10325129667833899,-0.18721017229955153,-0.2588406664017655,1.0875101756435297
SO4zQy9k,-0.3763134108139199,-0.08312344868899277,-0.27736124361286235,-0.4412533876806151,0.3127684303279428
SOOBCoiG,-0.3176895916812892,-0.0292890564258697,0.25200270486317305,-0.544812869511822,0.6931951307914639
SXkkPB7A,-0.46844438287501783,0.25132400837036395,0.1515075614719969,-0.5650323221379687,0.9645612288056788
Sa93dGqq,-0.3495919075263957,0.09998476834294105,-0.9692174376907682,0.24683644671674113,0.51597010395305
SonIG72a,-0.3629723831902155,0.22712799344829887,-0.5656812119678253,-0.07442832560395451,0.45874080863859035
Suf6hIBc,-0.3158801735042742,-0.03654053847195621,-0.17960744054307798,-0.4920009538097715,0.6659074559996809
Sx2JeSRz,0.11571415686399014,0.13671646418654243,0.19265061380368484,0.28473018580196474,-0.5754551038194018
T1Tlftr4,-0.28787397264476755,-0.06879078914270624,0.07818311297519796,-0.7252430192876145,0.9294143461199835
T7ulR4ci,-0.433810218476552,-0.28512854797928244,0.3579451852402627,-0.7599997243713311,0.917078749861693
TA1NB3Br,-0.3270123590017302,-0.04578289672878073,-0.14739331713563902,-0.48288777145669787,0.5563081632376738
TFZUskaK,-0.04104389085095075,-0.27027664810440366,0.029989458268540915,-0.13008328197253347,-1.0134644221884366
TNL8HGWZ,-0.09693029148137348,-0.2677491957448311,-0.04473118597608437,-0.19620473704021044,-0.73200469578783
TZ8z1GSF,-0.29817920954052324,-0.28176312648938917,-0.7123394028238774,-0.3956909388937534,-0.06126425222203799
TqhRvkJJ,1.6180330389743407,-0.355332926349655,1.3870893648852811,-0.45671304863057544,-0.21440319493724141
TtJCUiY4,-0.5136891925743217,0.18154248851964694,0.16619668237597507,-0.6960797763238618,1.15283856806586
TwDq0lua,0.2273408482806516,0.5867638539963937,0.6876526140695172,0.08292416425564661,-1.033815132473046
Tzyf02sI,-0.27569652183458004,0.10085504085798733,0.8864255890679715,-0.4896787122860274,0.7836870818690123
U3yI6ZS5,2.2558454997833692,0.053689694366425955,1.952905316085393,1.356612166323469,-0.7769340311362318
UBLnXZAN,-0.35291929067699584,0.2588512608848884,-1.4740211658162083,1.8898304001714998,-0.580680322947027
UBWDzleg,-0.37057965857401864,-0.2323270952801324,-0.6898414024689561,0.31182399835946073,-1.0068371239670169
UBqkX6SY,1.3863930958532324,0.9695858368959206,2.089637467828774,-0.22893513802567422,-0.8662606761551507
UCIAi1Aj,-0.35461191660862923,-0.3056545787264892,-0.876134639954793,-0.18545206918429352,-0.41819614539128674
UPbXGvCS,0.06131361198013209,-0.2575177760940186,0.11530216753260825,-0.13830088212814423,-0.8164672059072209
UeWm1l9F,-0.21598459055205704,-0.020643500829135276,-1.1422185665419127,1.1453704588937126,-0.35484862506066983
UhucscY7,-0.29627753141147395,-0.2304201774196418,-0.6630802706399341,-0.40694540117434486,-0.36318316603204703
Uri1SvHV,0.04673240752617744,-0.14335730090940219,0.18955123671667437,-0.03494768080000183,-0.8263483220833174
UzxipGJS,-0.42773057381961144,-0.13590388057360492,-0.26734173594656585,-0.42832734419055063,0.44277782372278573
V74zfaAQ,-0.06366504416380239,-0.2784398217744768,-0.027439413214124464,-0.12135329239490053,-0.6181967194024702
VBPxBLTh,1.5175133858588428,0.1588589756349153,1.6704209713337612,0.7094758445902739,-0.660028773643434
VLG7CXYS,-0.3252556092926927,-0.05539632000600922,-0.015575206441549694,-0.3034426528900993,0.495010700771938
VNk52SpF,-0.39382579718473854,-0.23497644664169914,-1.2821662661411246,1.7550650066040947,-0.9372344899240613
VOREKsok,-0.44289350774095204,-0.09681162481818748,-0.33049886648121585,-0.7907169642250368,1.0264440809581643
VRhTr5pX,-0.40330944135446134,-0.3751057693310452,-0.11411163579129541,-0.6543597624002806,0.08824947130813623
VTcG4Kcw,-0.2962869937921293,0.15693003217718726,0.16845971912829105,-0.5388073383782435,0.7609085669925335
VeKiWSbS,-0.2898241002790308,-0.10875338012575896,0.008436537462686002,-0.43007236318196024,0.48836527377899375
VnU8nJHU,-0.3519055004933047,0.11446877120140281,0.03548410855267292,-0.21017746447912108,-0.20709248736086336
VueNCxYv,-0.467456474755245,-0.1876543465486945,-0.7992309240824895,-0.336800130307523,0.23269674428686027
VxuQTRUl,-0.4155370095068902,-0.3082851489360514,-0.1397466299169339,-0.2759911148687455,-0.6677284627665498
W5lgaocA,0.6612576534301831,0.6124290672895768,2.127449029779452,-0.5909113200139597,0.2664527235096652
W5mMq9Ef,-0.35789486634436485,-0.061107688972414385,-1.0157969275713779,0.22344374863824382,-0.10351948782459017
WDhNqFpS,-0.03756143734109946,-0.22290817508205174,-0.3092876658343722,0.8326734231476439,-1.0963638423161797
WE6n1kZi,-0.4094450806034766,-0.23397384050169628,-1.7557251880022253,0.7098758944082837,-0.5091775452861509
WFk6r3vA,-0.42619820244837614,-0.030711820002219913,-0.35208741590399384,-0.16617344334027373,-0.19399252709326972
WFyIrsUR,-0.4866386544381596,-0.09128481899258688,-0.7663705235677152,1.0897645133588578,-1.01536000168719
WG6ZAsqR,-0.45986365869109386,-0.20738581156768798,-0.5315609831530949,-0.775669682906881,0.8906828142975761
WMq3CZQk,-0.41655404077787295,-0.4900220723073002,-1.0456178184498115,0.28693017904125573,-1.4357505574169214
WRskmGjh,-0.5533737049859175,-0.24050546536897396,-0.5409888142066412,-0.3461277208262882,-0.6881391636567677
WXijSglj,-0.3302662772124737,0.26315055760107525,-1.2056087006320761,-0.2372272513567343,-0.5547939657769282
Wc0stQgu,-0.36528300715666046,-0.25677756553939,-1.1648458707614129,0.2503199698429044,-0.8776332920121876
WewoSCUB,-0.48930850522312963,-0.07605510569534457,-0.8192685002980293,-0.8198328017270609,0.59342854201512
WuHuhHWJ,-0.4025123646209422,-0.21242846421750788,0.6557825276897007,-0.6919645837619766,1.1640343389907177
Wv7EBtZb,0.9290938668869884,0.18440409186569778,1.748132800757362,0.15029484645503066,-0.7126532133776591
WyPlxDn0,-0.3781966816392433,0.07475827951907893,-0.3288593751544672,-0.5047100818216029,0.6039392925283549
X3WqoSNN,2.2197900793660437,0.40648334732840863,2.005732463468172,0.7133459309891326,-1.0403814882120592
XDhyP9KB,-0.46187917232708786,-0.22783732198919088,-0.5658123741922068,-0.08154325566016629,-0.4334774029141625
XQxhDRMG,-0.4221282517494752,0.041553522812723225,-1.1913918831124326,-0.11078660611586949,0.6185706578820291
XjLNAwxW,-0.11810562651055947,-0.3911358698077936,-0.09872580014462559,-0.1412815797167843,-1.003514754732976
XjfVQbXd,0.5730873351820407,0.7404585095606999,1.5701295716374646,-0.43607278908288827,-0.7518093766223195
Xovczbf6,-0.4810148407889099,-0.19383756511305272,-0.47637076086954344,-0.8065933342591481,1.0264703754842885
Y8H4onBf,-0.4296781368354993,-0.12212600875939442,-0.05514816976025039,-0.5707663071989498,0.9146822551691497
Y8YgzSZ9,1.3126162543873527,0.09765641458322606,2.0476801742834163,0.36368459528514424,-0.06824938536904336
YC4PNV20,-0.47559929939236356,0.034659021023253495,0.034128664801580014,-0.4933871255255934,0.8137914792876669
YDHSCRdd,3.367303317567945,0.17372025487038512,1.8801107867322324,2.032465724433044,-0.5562208219197012
YIJ87aME,-0.22180202834522605,0.13436127600729378,-0.12987402082942723,-0.19295700773134766,0.21405814301510084
YKvT4dFv,-0.35081437299977625,0.008779471135704191,-0.6575556789723536,-0.1542688958319555,-0.04599255475218196
YNebALR2,-0.47150265287463755,-0.2798983994894172,-0.9405903445259051,-0.5486497752619717,0.21176577052849108
YNrnqFyb,-0.2776914504033644,0.009809112537886126,-0.012675956273864142,-0.299597752381874,-0.027009928222179208
YUZ4lR3m,-0.3572888472488349,-0.10879154301650695,-0.4186518399211123,-0.26508616480791425,0.4048218331397664
YYLvjoVC,0.14004287824669864,0.09840543403996588,0.3805341887339315,-0.13333024444615085,0.00031001827717941355
Yb8OtMb2,0.12405854247485525,-0.11843107449841438,0.4142697557473962,0.12265427795810463,-0.7446679947551231
Ycg4lTYw,-0.22825381151571802,-0.2260502392198257,-1.0714640737644738,0.767861347577296,-0.8289856228893289
Yfk6tekH,0.019292302816051966,0.4179912854557156,1.5505611629316678,-0.32927367071874586,-0.4420447463972761
YoSfgmR6,-0.43127603536207787,-0.20147584866623425,-0.6163572479312653,-0.17919835577490653,-0.499046025935882
YpzFvexy,-0.31753801224227923,-0.2023539284198292,-0.9471597504951637,-0.04439044472506858,-0.44063493688855526
Yxqppfa3,-0.10174722219660548,-0.1574308615728373,0.27421753615301614,0.20331173348830645,-0.8622764751842444
Z16jTUvP,-0.37018231869427853,0.0496783740594475,-0.8397050953701766,0.1414997563725673,-0.479200168677769
Z2BdCCbJ,-0.32285610083280597,-0.043924817371241195,-0.047980642008692745,-0.5255828821392978,0.8241627462304042
Z2JJMM6V,-0.3406168226690008,-0.1124922947087163,-0.38698921282238025,-0.00467219739641005,0.02698098613122145
Z5jE1OB5,-0.3119314085491018,-0.0492361180868475,0.2006084305200545,-0.23854758941504708,0.07852316389008768
ZFsIqYxA,-0.3743338795862903,-0.0837364975358799,-0.4654533620069438,-0.12346361094856467,-0.10463768637819487
ZHDVsoRh,-0.3106105723308418,-0.325133359720198,-0.6764430568428355,-0.11101290138033516,-0.5473594961929585
ZSmfu2Fc,-0.3442514523039663,-0.293786417359035,-0.5871479396173743,-0.04459730490210114,-0.4650738857474339
ZU8YXF3H,-0.49671175598840794,-0.17717152626065633,-0.5089915822225307,-0.7863931095741343,0.9152686231045877
ZXKaNy6Z,-0.37832054968979045,-0.10476874129869831,-0.9824269218121565,-0.37898915501270725,0.8799636020766115
ZbYLo0zK,-0.2188881536051905,-0.05426266913850149,-0.03293652339516279,-0.3627602632227773,0.5885936021487383
ZedN8Gcn,-0.4360253568385748,-0.21464936665074036,-0.0623359198723501,-0.38951101202182803,-0.309888668428954
ZgD4Dau6,-0.2409836605791071,-0.3838508079845193,0.09217505029762055,-0.4261043972885898,-0.7714592050469206
Zgzf79LA,-0.5132750641777772,-0.21769177465510015,-0.8553840120793369,-0.7450564472423007,0.4589575137983744
ZjqzxDOF,0.12500341489015176,0.9107967978099125,1.6530134203426343,-0.6762129988735468,-0.07527352159065945
ZsZ5aDpq,0.0787541056004338,0.019427003324834352,0.5180943183176232,1.222699234914758,-1.104296423474095
ZtyqE7If,-0.14976437629652886,-0.281378664914932,0.17515796632401973,0.046937754618648575,-0.9368162712731571
ZvUgz01f,-0.3148264721952706,-0.11950546024450162,0.09393377924546055,-0.7768747257542237,0.6846333093190411
ZwrhgdQV,0.26060349579555314,0.17822773592679797,1.1628196394055414,0.6605780668635927,-0.5271211462903631
a7bhJGBU,1.787586220626439,-0.17317390685310705,1.7807760541944961,0.667066012925154,-0.6294284105294103
aHpv6KzP,2.477368443913025,0.10138620882546032,1.9315134307837893,1.185230388649264,-0.7705976590751165
aINzEBVN,-0.33963138035158097,-0.3767712090187351,-0.5364191046381767,-0.5994259327503109,-0.8831603551203703
aP9EtTGF,2.10254267590024,0.3955572162020631,2.182914126420392,-0.2823071437019914,-0.8235274631562345
aV6EhtSL,-0.46419629276157615,-0.2590665650399375,-0.2556819038685372,-0.5091213623977013,-0.43180378816085807
aVZsXKoH,1.6127895807108745,0.33930653688777646,2.162023807093255,-0.5341081346982565,-0.8479830348208202
aYVnVJvc,0.113863267039808,0.07417509486172597,0.2690811983776094,0.5095319192708091,-0.802514593312101
abCzN1zx,-0.4223843045579069,-0.14406691125901444,-1.3629270930868063,0.43342045975925536,-0.896144380649329
ae7sMiB4,-0.16639531811674907,-0.12352388868987788,-0.038776752597033566,-0.21675171369257487,-0.048293623960432464
afsVuCGV,-0.35504301041427533,-0.16067587309186543,-0.6254087973429523,0.3161999825677751,-0.39254073256399385
aiwBQETI,-0.03491584399310507,-0.29846843854877175,0.2233916116119798,-0.10841579767482731,-0.6984758164428275
aiyli4EI,1.2498356334981373,1.0591318835156622,1.9904005492351977,0.6032538164217532,-0.44514757836747804
apJ7NmzD,1.3693029996456911,0.43936237893621843,2.0941317771688452,-0.34626535197682234,-0.6771825030613716
atVjNMtQ,-0.45501386285240686,-0.41289591985197877,-1.3974952836425834,2.229803919953957,-1.1165650946695682
b5GirVGV,-0.4154097581333621,-0.26301878049892796,-0.09049243777420046,-0.6540811800326918,0.4732070324794554
b9SpMjNB,-0.23726855921934148,0.2521307966069878,0.11291618620986663,-0.31614351461518997,0.6870320160417982
bAFs37yy,-0.3976398855816898,-0.28594248142738926,-0.15584514402618777,-0.7515194135262693,0.8364383063251931
bDia1hHV,-0.25543347825341733,-0.22091047576351708,0.1709573329153182,0.14054391533956148,-0.7772829500704516
bFkv5Mtr,-0.09228649284232204,-0.1387588166466371,-0.20173163739710628,0.20171184042815477,-0.29380979182691824
bHe2IXgA,-0.3459944252267486,-0.08875713152958933,-1.5692024959996727,2.1840936171675027,-0.8954125707831606
bWX3vUm5,0.14385162838936294,-0.03090661341712192,0.09333481343847853,0.09137695173042193,-0.556579278935433
bat8tcGs,-0.08626981080996575,-0.3774970279464721,0.05721428598831127,0.05940367853405629,-1.2222122667940583
bfjej4wu,-0.3948669983757951,-0.3528656722078573,-1.034648791608526,0.00048678482470804196,-1.1365355703268405
bh04YDiP,-0.3001981202963255,-0.22091925774850846,-0.43654312130979506,0.14785712999098682,-0.5033018118467467
c110Fdc8,-0.2594995277315347,-0.1952583415266272,-0.06543532568939625,-0.4381043818225345,0.024468260829777655
c32GUzMa,-0.35960275953353493,0.1310410730393023,-1.1412618278225637,-0.15879806792426082,0.6447992360805522
cT6uU0B0,-0.5077334000841145,-0.10815037835380373,-0.9142713659859278,-0.4019977988535439,0.6071861735043177
cWXCiFwh,-0.44510818205652264,-0.24896309297728714,-0.7091522986995278,-0.3365425225726326,-0.6935482261836966
ceNvS3yd,-0.41564047502364365,-0.23803857359101696,-1.130839453412948,0.01705050737419679,0.012449163683746215
cmwdt4Av,1.4794365459383805,0.3208466072881866,1.7996594299859217,0.35748858799702543,-0.7219562394701835
cn4EHsup,-0.40083574065299676,-0.11657303990313682,-1.3157778566178904,-0.15475563977156034,-0.053284914240659974
crVOGGTT,-0.4144275139418969,0.06168551609500052,0.13419460681606254,-0.5228306253875681,1.1236378042592838
csPEJ1E5,-0.2274420616994797,1.1224236905742464,0.4373267224775461,0.18928112556207885,-0.7604404161544152
d0UrRtMk,-0.56567467289189,-0.19484991702240362,-0.14790897492997823,-0.7846086920781521,1.3969495449442313
d6LU4G4I,-0.27655525093648875,0.35937022700459964,-0.8030294381858568,0.37112700630663403,0.02579543700803011
d74T1DVv,-0.46445074455662416,-0.4417083324679867,-1.0433608046872285,1.0827991834794646,-1.207663221450368
dR6rM1tQ,-0.022372843175814117,-0.24866800905953035,0.17350739349731073,0.01014699887889936,-1.2075203783246078
dUNxOoqg,-0.3922277949119356,-0.3435435930431609,-0.8939011022734422,0.06565605261042176,-0.8578150640127907
dUnlyhj7,0.38009006147502017,-0.18358463849436008,0.8770324436295385,-0.47913583468219595,0.055044329125081656
dVDlnZQ6,-0.3316620431119009,0.08743974282087966,-1.1053360439185438,0.15829665003474486,-0.8372774979616668
dVT26GDu,-0.40296336930043086,-0.03610741186221103,0.12469386021805612,-0.41664961801960865,0.7766413540450101
de43ycXY,-0.042672958129907124,0.2975550339682248,1.4564078250880084,-0.6871507782525692,-0.03299132936140281
dfIn7m9z,-0.34662190368496765,-0.3791669185009922,-0.7646325009160323,-0.10626863235790227,-0.5700726846785952
dhmb9ZY9,2.721787415694402,0.5711451816732388,1.8604083966893559,1.15825020016888,-0.6461573095266357
dn8kCuyf,-0.32875010962031437,-0.03828893775551931,-0.11763115559805343,-0.2891391551948356,0.8195556212322004
dpcquvWW,-0.42374899303482016,-0.31504935460561356,-0.26350277559906043,-0.39279927126260206,0.17575051154947877
dqcbIMyr,-0.40804708882769747,-0.10060014852887912,-1.0492604765530387,-0.4245487459395494,-0.021046497340802002
drWgsBf5,-0.31724408666101866,0.3099989289725187,-0.15337854500388087,0.3556428678937837,-0.6479103463951961
dytx0HSe,-0.47378349081321613,-0.21018225720113914,-0.7992850506184448,-0.7566602747073883,1.0163310991468442
e4KkkIha,1.7240346141633518,0.7448560017979011,1.9191697791708173,-0.3878490737776339,-0.7589349548819722
e9YorH4m,0.28642979713060346,0.4109173940264633,1.2770430244249753,-0.6497661089331686,0.5332514392990533
eB9gVQ0R,-0.3584750109817508,0.5737518159477051,0.018313857292192953,-0.6783206823235413,1.4291389170522362
eMhLFqU6,-0.36555049059699823,-0.02679355365159805,-1.1354282439794956,-0.1518488760807546,0.19910317785152185
eMllg1qm,0.405809105585509,0.33613703861137,0.5927926367860834,0.04029356153391009,-0.6237249003811568
eNPunZ9i,-0.3117553361747868,0.18091824685733934,-1.2209583785690752,0.45513133963675556,0.20884128608912444
eS5BSM4J,-0.550773200852673,-0.1290195364066151,-0.008935675344284442,-0.6420550274878999,1.3072674055389983
eVGMFoOI,-0.2155288787590197,0.3118221412704142,0.9901253736994639,-0.5448365299887761,0.47579254310799257
eaIwb3rG,-0.26835942039289196,0.6292074356319008,0.4231381598257334,-0.3567830463754226,1.1874207076413246
eyzw8Vis,-0.47211984376827587,0.2143648626007413,-0.4854137838550963,-0.5634155267511288,1.1328476327255568
f04Ke2bN,-0.3528894268816333,0.015936079111509842,-0.6731400526942761,-0.0315061195810413,0.2545208922022568
f4GA0te1,-0.2778902017476994,-0.37404851201129447,-0.3645569820423169,-0.585058032568063,-0.05296374916134126
f7bd91h5,-0.4689386716968672,-0.22033190574747505,0.2988064238118893,-0.6725930014183634,1.066773206379859
fB7z9ndr,-0.4023317085389714,0.43504771537001885,-0.16328140589157478,-0.6319288736917062,1.2004918591132208
fEe7AWFA,-0.19240280996986964,-0.26146082030764695,0.4519908440398318,0.1535913647970425,-0.9739726522633787
fJJIbgY9,0.49390248111548285,0.7746943612048975,1.5843370201564664,-0.5825823568070243,-0.8438273026350165
fQBURMvg,-0.34216937519494506,-0.07432494851796322,0.010578940654086905,-0.5288810661820855,0.8208179665000295
fS0HpOub,-0.43645784649329455,-0.24886977439150013,0.024987902942072343,-0.5876075971903618,0.6258489591045169
fTDXauuk,0.1455044192353627,0.3093369735525662,1.5209590010013825,-0.38089777791513985,-0.6920175868353526
favPNA2N,-0.36817218621334924,0.18183751937954704,-0.9925301501664392,0.28518636790242474,0.3610944743946383
g3Fv0U4k,-0.3212975469186934,-0.14154505389359265,-1.0444427987128395,0.5726026888327629,-0.5085097265859848
g5PKo2E2,0.37687068736827545,-0.05655872731471584,0.8256167601659126,-0.07115836588401542,-0.8264629939005357
gbjnD5fe,-0.41376029433917116,-0.3696582317911744,-0.5645996485446508,-0.6114112115625132,0.2375445114585924
ge9zqXCv,-0.2836710408194091,-0.24634311479820212,-0.03260528433620813,0.8431547815882965,-0.8936077072607769
geeqJpSE,-0.39483245615922113,-0.23027903360394342,-0.16506243330948173,-0.6803566940615058,0.6929639930778375
gqy1J2RS,0.2506993582566373,-0.17968563680664892,0.26863920508009065,0.11529734781681344,-1.1648062396389423
grlUtS3H,-0.25353973853899714,-0.24258927685890072,-0.48148447616007006,0.5730789924190656,-0.7395403408140604
gx965KYj,-0.11281439799420699,0.059367480740334586,-0.07136269523321737,0.14056759338669975,-0.4019618254452098
h3F08Vjm,-0.3063550629767657,-0.19646754503497801,0.19619771221222893,-0.6410213856313687,0.7568347059038177
h6FQG8Iy,-0.2719504073673078,0.2160864610227955,0.4916500107037751,-0.6881033960870626,1.2946679252371573
h7ftM8b3,1.646029429698576,0.9127594226650397,2.159289357508353,-0.2799221856201564,-1.0596323620108918
hLrCHXZv,0.020891528272834935,-0.18809779250145622,0.32058236295596887,-0.07404753006613118,-0.5825634049672193
hQ6VBuFx,-0.4341973000579249,0.7327959154851187,-0.04283317389682843,-0.4794725525946684,1.3807212214054738
hYoR2y7w,-0.31809985801019486,-0.12421825963990292,-0.05686879938922554,0.11592180922161627,-1.1184684082520908
hf65yZkM,0.16301764007708272,-0.12180081303593009,0.5218081321637817,1.1066890020041904,-1.0352352954824346
hjuwe1x4,-0.17923169618524887,-0.1354750874372067,0.23570942801840367,-0.13133619119265147,0.23292436545540002
hyINlsFR,-0.4940464371773193,0.47367266552682014,-0.3713886609198566,0.15398330693063472,1.0582572466489446
i0Qlm9Bv,-0.41201638184526734,-0.02574148619590591,0.2488175996111716,-0.5004347988357342,0.8705298880620745
i1VxfxMb,-0.4492518495556592,-0.062360087409773474,0.1397540114606461,-0.6261546077044893,0.890360972433853
i2l6jXNP,-0.43721289375843486,-0.2677163480551753,-0.9748832224141062,-0.2106521004682262,-0.28281667700183455
i4FgPZv7,-0.3816457773612084,-0.027748250743178188,-0.008276065947127847,-0.8506058387983104,0.9156001720001454
i7XtIkSi,-0.26246255046588934,-1.3180771472470765e-05,-0.3274960926917726,0.018014769719424006,-0.11764779992012384
i9z346Ut,-0.2655549936295737,-0.016282041893783586,-0.6279644542792691,0.6725837708784552,0.15408836314810764
iDOat4cZ,1.5640090427356426,0.7991020310668863,2.1681021519191397,-0.2604595690565988,-0.8691486891931621
iNv6RoSO,-0.32377177733170737,0.09086045471688575,-0.06603949482534316,-0.23305758579562974,0.17835304786021056
iSL9NYzy,3.159939946093389,0.13648991684344003,1.9589177124681596,1.8205504641122345,-0.7194699822928441
iSqVc1r8,0.045932631525495704,0.8089612547013484,1.295970321308582,-0.5909366946276884,0.12097007677427306
iYZMftt6,-0.43534567543585184,-0.2443554349764644,0.2096737349231959,-0.005626047683089663,-0.7069211845856762
ieTPaa3c,-0.3526383802370679,-0.22415249397062503,-0.8579190814037203,-0.1568673424450845,-0.19974506522857616
if7BmzU0,-0.39638377789273355,-0.25195665150470986,-0.45007422489263527,-0.6470537333537372,0.757669173537436
ihNz5bmx,-0.3300544289762093,-0.12190396578912058,-0.5839673149493184,0.00842304122193789,-0.52995084259254
ikJXKdIN,-0.5015939342000555,-0.08041996132326006,-0.7085309987172692,-0.9402381252040083,0.7890059735067034
iq2kxikN,-0.0858483512122857,-0.32050676493524377,-0.022867708594423018,-0.14883262284194082,-0.7542592806484331
iuZEDJK7,-0.38531817867637996,-0.24435555918919008,-0.3537708312212997,-0.6183665625891233,0.6224843720701154
iyF8gVT7,-0.5405868786278367,0.10991149973466086,-0.1627639622727288,-0.7349839302846044,1.1802548047146195
j06qdQ0V,-0.38761687106889486,-0.25419999550044947,-0.14145572226326755,-0.3270704934608999,0.04192975587124101
j7hl8svO,-0.36536046099803504,-0.3678975797124262,-0.14795742242712642,0.11157329210683142,-0.9346481729362403
j8hMoJUN,-0.37200850719982315,-0.31096293289781485,-1.0841186430466612,-0.7698992909367092,-0.21018327871702036
jNaFasbV,-0.4641977421410143,-0.3490497796129022,-0.8939282117954913,0.27286077358019245,-1.0865799947074442
jVVHeYHT,-0.37046520705496827,0.038233118732719076,0.40389611438457557,-0.6152518043411506,0.899952089875473
jXm4ySvK,-0.32156028829345895,-0.1345030200955613,-0.014504308683018753,-0.4412285265152309,0.40164732330359043
juO5ii5l,-0.20454028143740977,0.2139175267056,0.5940271567326914,-0.6119810407640621,0.3401374673799935
k2hdEBsU,-0.5620265174551841,-0.20703922293298826,-0.05527515975425701,-0.6934928238559046,1.3612514127584903
k3ynMfhN,0.13339227349042523,0.12155298694523566,0.7775335096523168,-0.36164394045663795,0.3529914751033324
k9C9yBtr,0.09422234847023019,-0.03633626282972047,0.2914193000386116,0.18379918709423362,-0.7320232821340298
kAKRvcRo,-0.3962979786492491,-0.16712574492176657,-0.9383220441601337,0.21351681497995434,-0.9006931022465
kBi3R2oC,-0.18711489367599668,-0.18779255767888497,-0.038028629314206336,-0.25891796599381056,-0.13839825063117273
kDWmnsXe,-0.1390324778446027,-0.16134430072251751,0.6033344701970114,-0.4812300800695454,-0.12176937152443618
kSGBd2Vh,-0.3574815968192622,-0.235476061036436,-0.34765347799404855,-0.6325585785569598,0.701809597596148
kT0miHPT,-0.36928252918930926,-0.22728479784859185,-0.1000185238037433,-0.41632114821943617,0.18633143759666695
kaW0TfRn,-0.4438302629993352,-0.44713451782084346,-0.6327453839803725,-0.5383167897926915,-0.20783797050532726
kmg3SowO,-0.3499182545285632,-0.01660052941046798,-1.064345600138701,0.3608054980035324,-0.19030238178501702
kpxKSlnF,1.3381724535702024,0.3416616976311423,1.3641187632206595,0.3962391657154539,0.20828048659568982
ku2cn1MV,0.4156788553084745,0.20061921324843707,1.5951806428974078,-0.12937347911615843,0.1267895697046315
l1su5HU9,-0.3850653744986117,-0.04007359788375417,-0.13186996906333834,-0.4021972033339246,0.3815373106261022
l8Tg2RvD,-0.3647241037076578,0.21236870112539497,0.5674259012294265,-0.5559413299624798,0.8879236935494561
lB6NsVOc,-0.37627675820580286,-0.17239472679532553,0.013485364748696792,-0.6128897866170229,0.7851391135585277
lEcdVyKk,-0.4609439792548021,-0.06767724557752056,-0.4175719473436378,-0.5236889835151556,0.6169634110606766
lH4TasGl,-0.026992371797470147,0.11709121673971545,1.2700832903931256,-0.5493586172412369,-0.5814763496131131
lO9aggHW,-0.07890745465769247,0.2259093400164149,0.04360776109933796,0.41824505153037117,-0.047122103090987764
lW3m9Vzu,-0.4438348077307972,-0.11862791554291596,-0.5398970887990673,-0.07032324909967291,-0.2335531773220631
lYLseGDP,0.3334918063855655,0.06325541149183135,0.7977909060563615,-0.2685656757845192,0.347855575652378
lcOnCdZi,-0.15574050552948626,0.3475905552363374,1.1113857071259765,-0.6615667936915908,-0.30239661848844324
le9YGwON,-0.164902019628289,0.07549552089829883,0.2869128163211153,-0.2553054750656927,0.010797496742680407
llMvu3TX,1.5397699255338022,0.2499082844875204,1.973666270007489,-0.7700601339019412,-0.26642375486256165
lnHh2jFO,-0.19375888288662993,0.21543552869188592,1.481242983608046,-0.7397422906818598,0.13567578598623872
m07CVXd4,-0.43978483329171203,-0.15551981605279216,0.053865973809502324,-0.7978943417522855,1.261867226386797
m1lPk91z,-0.388313842906576,-0.12411107711659009,0.5792833378784952,-0.698218190612568,1.0663214256643077
m9IQdmwa,-0.4152437695388427,-0.15917675759943506,-0.05551225784103456,-0.5950835301193974,0.6631549868435866
mG9BRy5x,-0.36438936491007573,0.3092507193500037,-0.24120709748952207,-0.05893741005561775,0.03795908171317723
mVHXnama,-0.3751587015867361,-0.3160574325646845,-0.5529512079930881,-0.5641333204907459,-0.26303422531226256
mXyrR6nU,-0.40682855359975056,-0.07351297904744457,-0.5321278635836852,-0.4243426472885308,1.1560340239482163
mbzNdxNc,-0.3169891532298461,-0.17500208091307898,-0.34866757132372056,0.20863039048345222,-0.4580142304326893
mntH7g3L,-0.16871771019271875,0.6477927445854625,1.163299572531904,-0.7877290289045735,0.3218182213061177
msRTXP3H,-0.28028389593202874,-0.14457906066635778,0.05651684829680319,-0.35165115641293926,0.24880853370382452
mxBjvIPR,-0.43705323341813995,-0.2415895017197314,-0.2512248100029587,-0.5724955156170713,0.333204537827973
n8Opmfbz,1.0566630475171748,1.3040797889578664,2.196411385512665,0.20755243474606888,-0.3306202017574747
nOkgU29Q,-0.40572040791879094,-0.284227371397325,-0.9787783401710775,0.1345514039820989,-0.9334000621193447
nhttf7VM,0.042379673149151774,0.22388326824317095,0.5240266357173493,-0.003256758711946514,0.12294368220733194
njLbXYa3,-0.3874730769506709,-0.3612083336223084,-0.14301624153428988,-0.4644076377763473,-0.4350567622331098
nwkIpzmh,0.40702297693194567,0.17908643808073463,1.3889160329953592,-0.3590183324176288,-0.07061931370430552
nzB1R9Zg,-0.10550123139822526,0.38535686957358806,1.4209976296622595,-0.5552950007754753,0.05013988094230305
o1rZRI84,-0.4003382471538518,-0.131869870740481,-0.6732202572582087,-0.3252051498750957,-0.36606191630141527
o7q5Mbty,-0.174966685418117,-0.2687958658274709,0.1843623574921595,0.03809599353783001,-1.0457808539252786
oCBvysqB,-0.45421788194789825,-0.3047556837539358,-0.7457710209420247,-0.2744729531498561,-0.646533127573933
oDmycTPH,-0.5429446343700374,-0.14717062093754735,-0.5828385722885735,-0.9359689643645837,1.1674582831803597
oFAXZvQv,-0.4689995051768159,-0.02841800927748985,-0.27787551488044554,-0.09972481143726937,-0.3943256031316109
oHE3M1zX,-0.28628894508759933,0.07214157775238199,-0.46220620893361863,0.7089109700223624,-0.29899126206030346
oMhVmSpV,-0.48337439008247207,-0.28618936290977004,-0.3746844431610977,-0.33971629044499807,-0.6513812485155253
oNsDqVbi,0.2617321887996109,0.6372193204797594,1.4998610566030783,-0.5308163086481914,-0.6518233128245252
oYAJqQk8,-0.40709601601182593,-0.39877798509853934,-0.10544566717747517,-0.8321799991504731,0.5389368673941264
ob5Kb6dW,-0.4194728310914744,-0.06581561623091867,-0.5006469872381547,-0.5444414796663981,0.742063156776449
obnzqs79,-0.4432073657382023,-0.23539005922907533,-0.5308488959995133,-0.6524131719704382,0.346582556540614
oncLcgRP,-0.3464112798895317,-0.18964091380623577,-0.7875225953795977,0.01704070710498872,-0.3028074582556668
ooWVYaAe,-0.3550930234350148,0.18906983883185713,-1.2002616372354824,0.7671256109428225,-0.916779158805934
osdyOUnV,-0.3108459217274786,-0.017732343910603396,-1.0646961828859447,0.3001629767689855,-0.030852594467484937
p7H9CzCv,-0.356595863488397,-0.09036866244601699,-1.1725286768501573,0.3595019717224142,-0.6777562994541482
p7U9hVhY,-0.36015481915104275,-0.11508813516333241,-0.3631390643511114,-0.39044030899804516,0.37620953615613734
pE6Cf1RV,-0.3598796726582194,0.011487515204479007,0.01677096801555334,-0.6795392563216793,0.7271002784312809
pI7qzotI,-0.08811805758715013,-0.007214103491794049,0.03284924427530744,0.1066249385459281,-0.47060628794703996
pJrIA4sk,-0.3401975517325645,-0.31286089821853724,0.08581145976345107,-0.6116084779436408,-0.24446442871406526
pXne2CLZ,-0.5631624900982425,0.14832299285774936,-1.1553044233546552,1.5324102700228857,-1.23560973463964
pZMcDIOS,-0.4336549337641764,-0.27443139802994865,-0.09161090028912505,-0.6765426062568456,0.644053947775226
pavfp3cc,0.1821976510120685,-0.08818737966448784,0.11825291991976354,0.2261708706960856,-0.701806252776213
pbQdC5L3,-0.49348087037812716,-0.30401142293761735,-0.16246970195618707,-0.593382108955244,0.417394971611171
pgj7aAFP,-0.4084092909714019,-0.228386530340556,-0.33574434359458816,-0.29098387056402186,0.06919485023139968
pxg8G3ed,-0.4981187357912462,0.20121800721383476,-0.34645254525668173,-0.1928642689364837,1.2764767728914568
q36Npk6l,-0.47834294369666436,-0.23842691591409476,-0.4994956988785335,-0.8158755039645806,1.0493766676530896
q4aDOVvq,0.40505180089164905,0.07691253595627617,0.42706741886547794,0.44139163909571244,-1.2780789742666754
qGmfR9CN,-0.3304174509178889,-0.22018034077778784,-0.6686986183607135,0.3311293700606275,-0.6829307201042931
qJ51ODpA,-0.36459889053083494,-0.011852108942535265,-1.2164590281235017,0.5741171901533363,-0.16202763756767274
qQX3cs3I,-0.13358886863481104,-0.1846209175055565,0.27336539874251653,-0.631971663287891,-0.088492051590705
qXeIxPb8,-0.36021173389689004,0.022126101920678952,-0.27195801033266026,-0.4094955990561664,0.6659542990099558
qYQ4MShM,-0.014544408441184695,-0.15484083935137954,0.03720215592180494,0.5086657609811254,-0.9818064236368181
qa0etnhK,-0.01700757554921093,-0.3927584430274661,0.16032985509270403,0.09999697295250626,-0.6882974840997653
qbL4sboq,-0.41317887530326447,-0.18388402006803922,-0.392775157987288,-0.48889000024028806,0.46913898829249134
qbYrsWHq,0.37806983658303633,0.6692829611602636,2.041451421198399,-0.2639894039448806,0.008484975545631174
r1zmcUqQ,0.21018803370502329,-0.025783876429064947,0.4874468195408005,-0.4842920352520099,-1.0097451626112786
r54iHeQC,-0.3256514159252624,-0.17668318554106444,-0.242353641169901,-0.5907754051529392,0.658507136773846
r6xrAnQV,2.4650507922298734,0.6761817972489576,2.118121862865629,-0.3513103142475233,0.13992027689620656
r9HxnQDg,-0.3101170987029221,0.003711976689899891,0.6719791601577998,-0.28324407387765205,0.6265611956473335
rG8Puuf9,0.8076804581493768,0.41948080467011867,1.340289922289483,0.35245996134942315,-0.789664900903595
rGuiefuR,-0.3278062902405178,-0.3268218863561614,-0.6789604237971861,0.1545756694644218,-1.141573121906593
rJ19OhGP,-0.4350171516439938,-0.04260400776901526,-0.23668682961313126,-0.6192431764857435,0.9760175460282885
rOCYepHd,0.05767891817466755,-0.005047439209455683,0.9505479053754478,-0.5533329893098335,0.001995941330373563
rQJaOPFI,0.0007715507386849563,0.02136021723505936,0.7580920948572448,-0.40496149058380093,0.14110095671926715
rQhZtZeh,-0.2799632449002223,0.005548060393050221,0.058257443897255595,-0.6248186308335204,0.8477927488304311
rapmok0w,-0.4034825597360743,-0.36273432452252097,-1.6077588579875837,0.09869285865141694,-0.13638922348820504
rgzfnPVu,-0.2181130656683289,-0.03860307508833919,0.7689286690602634,-0.6449100227594695,0.3734575198490977
ri4qhb1S,-0.29620385867734933,-0.1719111008666501,-0.23946768524861067,-0.47633177589216713,0.6440271407960697
rqpFYzff,-0.48990226224265304,0.23921594697903803,-0.09533876185922718,-0.23803977401183596,0.02360970479880674
rrs22coX,-0.27592798865513435,-0.07480202012340569,-0.015807458879253222,-0.44020811383034775,0.8454942537925751
sEeUCQLc,-0.4563834420920545,-0.15050211548036735,-0.5660213725488247,-0.4408421535860685,0.5283542526378464
sHScwqQl,-0.4765363485205338,-0.07609838948211398,-0.18500207028579474,-0.88694568390097,1.3714172357102878
sNC7DiAt,-0.5149809633560707,-0.031076255722771562,0.0592665997021901,-0.5630715830659685,0.8193821131793924
sNK2TSs3,-0.35441693373869343,0.025832364524135884,0.071646737241115,-0.4999360649770903,0.7895461433866151
sO7Su6uw,-0.41562098866776503,-0.2856236836335869,-1.447160629278127,-0.14069906079299266,-0.03258473788540892
sOWZx89o,-0.4348036799423044,-0.20300576972729245,-0.8483764019976464,-0.6254098246575001,0.7239765005734158
sPbRcPjC,-0.012395545886758567,-0.022156440778486212,0.3673171810364708,0.11720647869422861,-0.8237940061815514
scVUfTKI,0.1632923811097168,1.1582801956165893,0.18851921639378144,1.3628527714388576,-0.9677750857360998
seRaGeVv,-0.32767457626637325,0.00630315513259877,-0.1220872937764334,-0.3207149455155902,0.943826810914328
sgtwiYWi,-0.375081960942941,-0.19540927810516312,-1.1280229757255498,-0.14589805900140515,-0.5592499344995467
sjmLHcT6,-0.4807698798798906,-0.04525771246354554,-0.28443721516809345,-0.6310495529289375,0.5300809902286726
skZUZZGS,-0.31987572566406397,0.1529727550752364,0.12285341125829173,-0.32230145130813803,0.3457761302237584
suAmzADX,-0.32475376096037584,0.10357991278024647,-1.154592572454165,2.156531550036235,-0.946160193746195
t4GWLqlO,0.540807996901951,-0.10753082311263705,0.9869555749543583,-0.2584456055689359,-0.00822099106411156
t7gy6Jyy,0.10521340762885278,-0.12361457224379638,0.7650600193379224,-0.6374023671519619,0.08971644511656598
tBadzH60,1.3963012119227738,0.4805879479467663,2.120062302657653,-0.43456446993245434,-0.5888503397823512
tXUWm0hp,-0.20774374563871012,-0.19588518244323982,-0.5044518959401556,0.5688203933688014,-0.6754481637624674
te6UPPxf,-0.47623212983845,-0.294547114042408,-0.5411237660327959,-0.20709719845909905,-0.8796052157879647
ti2lamkL,0.11712076871332232,0.14134879619027102,0.8033223792456883,-0.29798373642674086,-0.04796465743438366
tr0lpwuU,-0.48801743768594685,0.04375578069202182,-1.1261526403257314,2.513680158053649,-0.9858352172270448
ttdB5C73,-0.2725158537137655,-0.014292533759045448,-0.14454567659510378,-0.17861649076651945,0.7823558102662602
twS8YZu9,-0.4185188210500194,-0.15414244476533856,-0.6362021624660019,-0.6297399874175937,0.06577252064852818
tx68W34H,-0.4326230201039497,-0.23470135342805154,-0.9663082666021827,0.6732868205917841,-1.0136959238469365
tyQSX4mY,-0.2100788339476399,-0.2034597287600423,0.5406270894961032,-0.6666940938900521,0.4149944823903927
tylKCRc0,-0.3923104763326054,-0.17611973023327404,0.01551392084748747,-0.5045976006295617,0.26921575213067234
u1544WUo,-0.3821306353388504,-0.09148335480679975,-0.5186102139724583,-0.37922122435539773,0.7252248985982969
uAw9an0d,0.20112100408272035,0.29338561751686687,0.4810709120408431,-0.028793725780394255,-0.07436164454848525
uLZAEXMG,1.8085873445678498,0.6708582981674477,2.1583481252863885,-0.05242492095870502,-0.9001014426362868
uMwe1s7I,-0.5380164887153877,-0.20988717419425268,-0.9342738103020622,0.7324978501105777,-0.8038632365769243
ufhGeV3q,-0.5171458104271982,-0.17506477428260186,-0.049319370193675424,-0.5817158438192718,0.2036109407415791
uhAeGBHo,-0.4152946547057038,-0.23230014311969527,-1.3136770532695385,0.18254206412068869,-0.7493382705169243
ujHNlqpw,0.917818306759872,1.3242030302197296,1.3541241608908683,0.1692310683423935,-0.7869245962668295
ulV6kuhB,-0.3250408286068625,-0.02770629660318249,-0.13127298224940645,-0.5161678432395598,0.6616472330952881
uohEnNEK,-0.4175332123402814,-0.10237620904981996,-1.133796787853571,0.6589604260721268,-0.6871015346918805
v1lhA8I4,-0.3006787004435006,-0.24615650929808292,0.4511552978846635,-0.7175246972970747,1.0449712546303245
v3JzigLI,-0.48942321797080374,-0.2712399025598369,-0.18969395271563216,-0.7176327675681761,0.9483428174127453
v5IwjyIg,-0.3278306404403498,0.14599247797608456,-0.46027417626497846,-0.3006948896001628,-0.6076213121360972
v6lp5TK1,-0.43287105200649234,-0.2014862761479279,0.5814642144623662,-0.7246283824384901,1.0609720842150692
v8vOaaWq,-0.3852769218421821,-0.11630454490273584,-1.2044093876115092,0.3162013760233498,0.09326859371629168
vAYKtoil,-0.5262294642688492,-0.00019283725101121752,-0.3861211761167871,-0.3553276288802746,-0.8175159283541553
vGTNQa6G,2.0454183194122244,0.19766735812557618,1.3684538501802976,0.9560937612297632,-0.03990166852307525
vQzNxHoL,-0.4805620295235311,-0.3237051409602225,-0.7331557034319808,-0.3742737739158708,-0.7798769790535336
vfZGBUJm,-0.2964299895300845,-0.17405882080707066,0.18760514274644013,-0.2863003141620134,-0.27425073247050075
vlooVUoT,-0.2947266940861014,-0.13670864977064043,-1.0150534583214526,0.3853954659100376,-0.7379551483605684
vrACvd4O,-0.32695446864807687,-0.13125716506587076,0.1710001510346917,-0.2557673586593604,-0.5295864100649001
w8hdjLwb,-0.36227137718259084,0.027361251305549728,0.24521956008084342,-0.40606492483781215,1.1650198209719371
wAntv4gH,-0.14483338929869052,0.38355042433536174,1.7888986895032664,-0.5637501536206021,0.521584452392445
wIUL09q0,-0.46088566133390213,-0.304745212334335,-0.5939299493845309,-0.7843999599126814,0.49858186645989716
wOzx7Fgz,-0.4135723386876714,-0.36656502888854325,0.01639550839413023,-0.5793674249745633,0.006204668495087176
wPhjhCJQ,-0.40320676673740163,-0.019773155353026553,-0.2797387943381754,-0.6110652610418352,0.8668233900310436
wQSWWmYB,-0.350328680956707,-0.012965245415241144,-0.22053792171022227,-0.389034305899591,0.7923603674133995
wdIMrXwy,1.3960087037081441,0.5699682741398804,2.0064169275651818,-0.7378879140955779,-0.42701625882805816
wiL9npQc,-0.3859471169245343,-0.1372479157523926,-0.5825320863794669,-0.6584978736455817,0.5419495144492088
wnU95Cxn,1.8231483211664163,0.8106549968966027,2.2590371657423223,-0.45625000482688727,-1.072506500850738
wpJbbjJs,0.12145478075422889,0.29516803690667176,0.5541761845561726,-0.11019354936696785,-0.25300190081543983
wsOWTAbI,0.3614424780670053,0.17578767975008658,1.233298649972927,0.7334662743323294,-0.562536598584253
wtdBcU3U,-0.3879295293483292,-0.19505275518188467,0.2627460118704832,-0.6610666979971723,0.46365609833424115
wuKXVxOc,-0.4192112525654881,0.008881471528245519,-1.073762129954346,-0.43482170840140655,0.7205899844442748
wyzadAt8,-0.4975191595553063,-0.19987219351926566,-0.7208211077208182,-0.7366815755633827,0.755493555654549
wzaKzYwi,-0.0812874066384616,-0.32775539227359146,0.9631133330563598,-0.6206316911224095,0.5842541197943362
x6GCk4EV,-0.31706990667655516,-0.17258462009381445,-0.1160155161378022,-0.5153675574388339,0.5811178122228171
x6lUi3vf,0.06297960296663566,-0.15089001688093487,0.3475403847720503,0.5087629797140483,-1.178135501572854
x8mwDHv9,-0.38286007681427664,-0.24060594908063923,0.035242531764031755,-0.4012299777233353,0.19715233025386084
xIYm6puH,0.39152355468653843,0.6680550466685274,-0.05914847779168987,0.5324238444178306,-1.2925349082874642
xO6UdpsK,0.3211788716165412,0.30940384058859727,0.012266541520397176,-0.00974275509196365,-1.340425793540068
xQ2bkOvj,-0.5736391581370329,0.010093709449549682,-1.1602381876725794,0.41800454396513786,-1.1980567549782402
xeXyDCEQ,2.2677315699824097,-0.006750851600796137,2.051122718244156,1.124962009352704,-0.8375147310022429
xrggHziO,-0.22849411128278246,-0.25795440013885546,0.007451741421241515,-0.3169465312951034,-0.01666424695394736
y1WMCmqQ,-0.3645861178991301,-0.27176732394853537,-0.6715226634620027,-0.3249190657434543,0.3322064872237706
yDngezhM,-0.34634228740623735,-0.21150747586601745,-0.5736524894210138,-0.7547333829981799,-0.043812631278102254
yLiFjMD0,-0.4316699695205957,-0.0807672747430478,0.052474261502373415,-0.5919135811380305,1.125358104565282
ySwEBO7w,-0.45439421656181017,-0.27882173765975116,-0.4806527022001825,-0.0831451042715883,-0.9571084422346641
ydC9UsSm,-0.41860544275603273,-0.004729873015816205,-1.4405920234317788,0.5946236495930552,0.09601266160099581
ydEG4VBd,-0.3405909406964185,-0.028378932483996963,-0.7846536241667995,-0.20224765312732512,0.8030983978704139
yf76yWXc,-0.1511946650232556,1.217747589159393,1.304047628167108,-0.6504375116627107,-0.19509402366678424
yg70e63n,-0.25533581055397625,-0.21631263721216648,-0.28727841576054014,-0.05944567384870629,-0.13936517467555765
ywxtlSKv,-0.4677837343751552,-0.26407867268580654,-0.8753712474264251,-0.19950783830617355,-0.14138973617106704
yzKPQPOR,-0.5638546861430379,-0.21573467810982047,-0.8741381980165108,0.6431738714800608,-0.9234633988158306
z5cnOnZ1,-0.3576867536376044,-0.39382451313446576,-0.11927350690432872,-0.407426158665558,-0.5166659392236237
zFLkOE0e,0.21623588725808146,0.04791633819021973,0.3293134170027844,0.4749358950139501,-0.7393345635924493
zGi72mxL,-0.39753428487887976,-0.3217625637954992,0.09050306179369164,0.0058014515537175015,-0.8037271515374014
zN925UV3,-0.34285473833044233,-0.254420427744906,-0.8470647841873402,0.22242173567187476,-0.9049364900087922
zTy2ih7e,-0.40391651493544245,-0.1270720223381259,-0.9923127711905982,-0.6168810658268632,0.6507953697246379
zVFzAutw,-0.3956128403777359,0.03590629918251952,-0.18642038371922226,-0.42672004741298075,0.6382629013491226
zYxNAkht,-0.5130085615003894,-0.07553477771285616,-0.6461446247091978,-0.7361566961790711,0.8828016786912254
zaWDBai3,-0.487807504673328,0.13497331624856435,-0.2828452885242382,-0.07275859191483813,1.0787424429734853
zg3u0Zsx,-0.25623730093771846,-0.017340873904327217,-0.15922618164638913,-0.21694814100119714,0.06172657052667875
zlwLfdsS,-0.4571863155195641,-0.06317253832889537,-0.8966109280652508,1.4117372585996155,-0.8948866967330678
zmbKzVfl,-0.34980540890935247,-0.14684081131120702,-1.2978520345504916,-0.01344363805632351,0.19428691956210647
